Vessel Name,Port call Type,Port Type,Port At call,ATA/ATD,Origin Port Name,Leg Start Port,Intransit,MMSI,IMO
0S T0BA,DEPARTURE,Port,CORUNA,2022-09-19 17:58 UTC,-,-,Not in Transit,224031680,0
05119 04 43,DEPARTURE,Port,TIANJIN,2022-09-19 17:54 UTC,-,-,Not in Transit,816717576,0
01118,DEPARTURE,Port,SHANGHAI,2022-09-19 17:51 UTC,-,-,Not in Transit,412401118,0
00000000000000000000,ARRIVAL,Port,JIANGYIN,2022-09-19 17:51 UTC,JIANGYIN,JIANGYIN,Not in Transit,808464464,0
00,DEPARTURE,Port,QINGDAO,2022-09-19 17:48 UTC,-,-,Not in Transit,234906100,0
04293,DEPARTURE,Anchorage,QUANZHOU ANCH,2022-09-19 17:42 UTC,-,-,Not in Transit,700523825,0
06123,ARRIVAL,Port,MAGONG,2022-09-19 17:40 UTC,MAGONG,MAGONG,Not in Transit,201706123,0
01595,ARRIVAL,Port,QUANZHOU,2022-09-19 17:37 UTC,QUANZHOU,QUANZHOU,Not in Transit,700914137,0
05098,ARRIVAL,Anchorage,TIANJIN ANCH,2022-09-19 17:25 UTC,TIANJIN,TIANJIN,Not in Transit,413444471,0
05119 05 59,ARRIVAL,Anchorage,TIANJIN ANCH,2022-09-19 17:23 UTC,TIANJIN,TIANJIN,Not in Transit,345212124,0
03266,DEPARTURE,Port,GANYU,2022-09-19 17:21 UTC,-,-,In Transit,926003266,0
00000000000000000000,ARRIVAL,Port,ZHANGJIAGANG,2022-09-19 17:19 UTC,JIANGYIN,JIANGYIN,Not in Transit,808466504,0
05058,DEPARTURE,Anchorage,NINGDE ANCH,2022-09-19 17:19 UTC,-,-,Not in Transit,200041938,0
00938,ARRIVAL,Port,QINGDAO,2022-09-19 17:15 UTC,QINGDAO,QINGDAO,Not in Transit,412349146,0
02256 9 99,ARRIVAL,Anchorage,DALIAN ANCH,2022-09-19 17:13 UTC,DALIAN,DALIAN,Not in Transit,413000009,0
04069,ARRIVAL,Port,YANGPU,2022-09-19 17:11 UTC,YANGPU,YANGPU,Not in Transit,413804069,0
09108,ARRIVAL,Port,MAGONG,2022-09-19 17:06 UTC,MAGONG,MAGONG,Not in Transit,201709108,0
00197,ARRIVAL,Port,QUANZHOU,2022-09-19 17:06 UTC,QUANZHOU ANCH,QUANZHOU ANCH,Not in Transit,800011862,0
0S T0BA,ARRIVAL,Port,CORUNA,2022-09-19 17:04 UTC,CORUNA,CORUNA,Not in Transit,224031680,0
00197,DEPARTURE,Anchorage,QUANZHOU ANCH,2022-09-19 17:03 UTC,-,-,Not in Transit,800011862,0
06175,ARRIVAL,Port,YANGPU,2022-09-19 17:01 UTC,YANGPU ANCH,YANGPU ANCH,Not in Transit,412306175,0
0S T0BA,DEPARTURE,Port,CORUNA,2022-09-19 17:01 UTC,-,-,Not in Transit,224031680,0
0096 34 93,DEPARTURE,Anchorage,DONGYING ANCH,2022-09-19 17:00 UTC,-,-,Not in Transit,210009634,0
0503,DEPARTURE,Port,SAN DIEGO,2022-09-19 16:56 UTC,-,-,Not in Transit,368926305,0
0009 06 94,DEPARTURE,Port,JINZHOU,2022-09-19 16:54 UTC,-,-,Not in Transit,900000006,0
0009 02 95,DEPARTURE,Port,JINZHOU,2022-09-19 16:49 UTC,-,-,Not in Transit,900000002,0
0009 11 85,DEPARTURE,Port,JINZHOU,2022-09-19 16:49 UTC,-,-,Not in Transit,223501895,0
0009 13 92,DEPARTURE,Port,JINZHOU,2022-09-19 16:47 UTC,-,-,Not in Transit,223501826,0
0009 12 95,DEPARTURE,Port,JINZHOU,2022-09-19 16:47 UTC,-,-,Not in Transit,223501759,0
0009 01 96,DEPARTURE,Port,JINZHOU,2022-09-19 16:47 UTC,-,-,Not in Transit,900000001,0
0009 03 93,DEPARTURE,Port,JINZHOU,2022-09-19 16:47 UTC,-,-,Not in Transit,900000003,0
00005,ARRIVAL,Port,JINZHOU,2022-09-19 16:46 UTC,JINZHOU,JINZHOU,Not in Transit,412000005,0
0009 05 97,DEPARTURE,Port,JINZHOU,2022-09-19 16:46 UTC,-,-,Not in Transit,223501766,0
0009 07 86,DEPARTURE,Port,JINZHOU,2022-09-19 16:46 UTC,-,-,Not in Transit,900000007,0
0009 14 89,DEPARTURE,Port,JINZHOU,2022-09-19 16:46 UTC,-,-,Not in Transit,223501881,0
0009 10 83,DEPARTURE,Port,JINZHOU,2022-09-19 16:46 UTC,-,-,Not in Transit,900000010,0
0009 08 94,DEPARTURE,Port,JINZHOU,2022-09-19 16:45 UTC,-,-,Not in Transit,900000008,0
00000000000000000000,ARRIVAL,Port,ZHANGJIAGANG,2022-09-19 16:40 UTC,JINGJIANG,JINGJIANG,Not in Transit,808464451,0
06032,ARRIVAL,Port,MAGONG,2022-09-19 16:40 UTC,MAGONG,MAGONG,Not in Transit,200806042,0
0529 11 99,DEPARTURE,Port,HUANGHUA,2022-09-19 16:39 UTC,-,-,Not in Transit,210052911,0
06198 B6 8.1V,ARRIVAL,Port,YANGPU,2022-09-19 16:36 UTC,YANGPU ANCH,YANGPU ANCH,Not in Transit,619866565,0
000000,DEPARTURE,Anchorage,XIAMEN ANCH,2022-09-19 16:36 UTC,-,-,Not in Transit,203656684,0
0096 29 91,DEPARTURE,Anchorage,DONGYING ANCH,2022-09-19 16:33 UTC,-,-,Not in Transit,210009629,0
0039 01 69,ARRIVAL,Port,LIAN JIANG,2022-09-19 16:29 UTC,LIAN JIANG,LIAN JIANG,Not in Transit,412010039,0
03311,DEPARTURE,Port,CAOFEIDIAN,2022-09-19 16:26 UTC,-,-,Not in Transit,412284799,0
05119 05 59,DEPARTURE,Port,TIANJIN,2022-09-19 16:24 UTC,-,-,Not in Transit,345212124,0
00077 01,ARRIVAL,Port,CAOFEIDIAN,2022-09-19 16:22 UTC,CAOFEIDIAN,CAOFEIDIAN,Not in Transit,554422655,0
00007,ARRIVAL,Port,QUANZHOU,2022-09-19 16:13 UTC,QUANZHOU,QUANZHOU,Not in Transit,800563255,0
01088 16 69,DEPARTURE,Anchorage,FUZHOU ANCH,2022-09-19 16:12 UTC,-,-,Not in Transit,412161088,0
00000000000000000000,ARRIVAL,Port,QUANZHOU,2022-09-19 16:10 UTC,QUANZHOU,QUANZHOU,Not in Transit,223526963,0
DOPPINGEN,ARRIVAL,Marina,JURMO HAVEN,2022-09-19 18:14 UTC,JURMO HAVEN,JURMO HAVEN,Not in Transit,230011480,8634194
ANTONIA,ARRIVAL,Marina,VLUCHTHAVEN GEERSDIJ,2022-09-19 18:14 UTC,MIDDELBURG,MIDDELBURG,Not in Transit,269057770,0
JETWAVE STANLEY PT,DEPARTURE,Port,PORT HEDLAND,2022-09-19 18:14 UTC,-,-,Not in Transit,503123590,0
VANERAS,ARRIVAL,Marina,MARSELISBORG,2022-09-19 18:14 UTC,AARHUS,AARHUS,Not in Transit,219017488,0
SHEN RAN 002,ARRIVAL,Port,CHANGZHOU,2022-09-19 18:14 UTC,SHANGHAI,SHANGHAI,Not in Transit,413867262,0
CAPELLA,DEPARTURE,Port,UITWELLINGERGA,2022-09-19 18:14 UTC,-,-,In Transit,244020112,0
SEABREEZE,DEPARTURE,Port,FORT LAUDERDALE,2022-09-19 18:14 UTC,-,-,Not in Transit,368220650,0
CAAMANO SOUND,ARRIVAL,Port,PRINCE RUPERT,2022-09-19 18:14 UTC,PRINCE RUPERT,PRINCE RUPERT,Not in Transit,316030654,5056561
ANYUN5698,DEPARTURE,Port,NANJING,2022-09-19 18:14 UTC,-,-,Not in Transit,413828125,0
YLVA,DEPARTURE,Port,ASPERO,2022-09-19 18:14 UTC,-,-,Not in Transit,265547230,8904305
WANHUAINANHUO1292,ARRIVAL,Port,JINGJIANG,2022-09-19 18:14 UTC,TAICANG,TAICANG,Not in Transit,413790261,0
TOKITAE,ARRIVAL,Port,MUKILTEO,2022-09-19 18:14 UTC,CLINTON,CLINTON,Not in Transit,367608860,9720160
ISAMAR II,ARRIVAL,Port,CARTAGENA,2022-09-19 18:14 UTC,CARTAGENA,CARTAGENA,Not in Transit,232030355,0
BROOKE BANTA,ARRIVAL,Port,TEXAS CITY,2022-09-19 18:14 UTC,HOUSTON,HOUSTON,Not in Transit,367503920,0
SEQUANA,DEPARTURE,Port,LIMAY,2022-09-19 18:14 UTC,-,-,In Transit,227133467,0
ANNABELLE,DEPARTURE,Port,LYON,2022-09-19 18:14 UTC,-,-,Not in Transit,269057756,0
XIANG TAI 5688,ARRIVAL,Port,YIZHENG,2022-09-19 18:14 UTC,ZHANGJIAGANG,ZHANGJIAGANG,Not in Transit,413831896,0
XIANGFU28,DEPARTURE,Port,SHENZHEN,2022-09-19 18:14 UTC,-,-,In Transit,413858766,0
ELLIYEDINCI ALAY,DEPARTURE,Port,GOKCEADA,2022-09-19 18:14 UTC,-,-,In Transit,271042595,9615896
MENANTIC,DEPARTURE,Port,SHELTER ISLAND HEIGH,2022-09-19 18:14 UTC,-,-,Not in Transit,367026710,0
SOJOURN,ARRIVAL,Marina,LA CONNER,2022-09-19 18:14 UTC,SHILSHOLE,SHILSHOLE,Not in Transit,368240490,0
DRAGA,DEPARTURE,Port,SLIKKERVEER,2022-09-19 18:14 UTC,-,-,In Transit,244710739,0
RED HOOK 1,DEPARTURE,Port,VESSUP BAY,2022-09-19 18:14 UTC,-,-,Not in Transit,367592590,0
IYO MARU,DEPARTURE,Port,SAKAIDE,2022-09-19 18:14 UTC,-,-,Not in Transit,431000883,8742771
WUHUYUANYANG158,DEPARTURE,Port,YANGZHOU,2022-09-19 18:14 UTC,-,-,In Transit,413829182,0
CASCADE,ARRIVAL,Port,LELYSTAD,2022-09-19 18:14 UTC,URK,URK,Not in Transit,244780443,0
SOYA III,ARRIVAL,Marina,SOEDRA AENGBY,2022-09-19 18:14 UTC,STOCKHOLM,STOCKHOLM,Not in Transit,265519920,5302661
ISLAND FURY,ARRIVAL,Marina,CAMPBELL RIVER,2022-09-19 18:14 UTC,DISCOVERY HARBOUR,DISCOVERY HARBOUR,Not in Transit,316015978,0
NP RAYONG,DEPARTURE,Port,LAEM CHABANG,2022-09-19 18:14 UTC,-,-,Not in Transit,567000014,0
VB LA GRACIOSA,DEPARTURE,Anchorage,LAS PALMAS ANCH,2022-09-19 18:14 UTC,-,-,Not in Transit,225983994,0
DHARMA RUCITRA,DEPARTURE,Port,GILIMANUK,2022-09-19 18:14 UTC,-,-,Not in Transit,525005324,6502945
RR CATALINA,ARRIVAL,Port,BARRANQUILLA,2022-09-19 18:14 UTC,BARRANQUILLA,BARRANQUILLA,Not in Transit,730990006,0
AEROEXPRESSEN,ARRIVAL,Port,MARSTAL,2022-09-19 18:14 UTC,RUDKOBING,RUDKOBING,Not in Transit,219026197,9861500
TIANMENSHAN009,DEPARTURE,Port,YIZHENG,2022-09-19 18:14 UTC,-,-,In Transit,413826332,0
ISLAND MARAUDER,DEPARTURE,Marina,SONORA RESORT,2022-09-19 18:14 UTC,-,-,Not in Transit,316030151,0
HORGEFJORD,DEPARTURE,Port,KROKEIDE,2022-09-19 18:14 UTC,-,-,Not in Transit,257036840,9826964
YUANZHEN16,ARRIVAL,Port,JIANGYIN,2022-09-19 18:14 UTC,JIANGYIN ANCH,JIANGYIN ANCH,Not in Transit,413837349,0
MENJA,DEPARTURE,Port,FANO,2022-09-19 18:14 UTC,-,-,Not in Transit,219000603,9189380
MAUD,DEPARTURE,Port,SAEBO,2022-09-19 18:14 UTC,-,-,Not in Transit,258595000,9247728
BAHATI,ARRIVAL,Marina,NARROWS TOWN WHARF,2022-09-19 18:14 UTC,PORTLAND ME,PORTLAND ME,Not in Transit,367142250,0
ST MARYS B NET BOUY1,ARRIVAL,Port,MORMUGAO,2022-09-19 18:14 UTC,-,-,Not in Transit,419201060,0
HAYABUSA,ARRIVAL,Port,HAKODATE,2022-09-19 18:14 UTC,AOMORI,AOMORI,Not in Transit,431005182,9699763
TOLL,DEPARTURE,Port,VIRTSU,2022-09-19 18:14 UTC,-,-,Not in Transit,276821000,9762651
PILOT L241,DEPARTURE,Marina,ORRENGRUND,2022-09-19 18:14 UTC,-,-,Not in Transit,230038800,0
FLORINDA TIDE,ARRIVAL,Port,MALONGO,2022-09-19 18:14 UTC,MALONGO,MALONGO,Not in Transit,538008195,0
VENTUM,DEPARTURE,Port,KESSEL,2022-09-19 18:14 UTC,-,-,In Transit,244670873,0
SAFETY FIRST,ARRIVAL,Port,HOUSTON,2022-09-19 18:14 UTC,BROWNSVILLE,BROWNSVILLE,Not in Transit,367702410,0
ALDONA,ARRIVAL,Anchorage,SAINT PIERRE ANCH,2022-09-19 18:14 UTC,SAINT PIERRE,SAINT PIERRE,Not in Transit,228023700,8857083
NOORDEREILAND,DEPARTURE,Port,WARTEN,2022-09-19 18:14 UTC,-,-,In Transit,244670444,0
AQUAMARINE ACE,DEPARTURE,Port,LAEM CHABANG,2022-09-19 18:14 UTC,-,-,Not in Transit,352980798,9397987
SP1378B,DEPARTURE,Port,SINGAPORE,2022-09-19 18:14 UTC,-,-,In Transit,563027920,0
QUADRANT WARRIOR,ARRIVAL,Marina,RICHMOND,2022-09-19 18:14 UTC,FRASER RIVER,FRASER RIVER,Not in Transit,316022036,0
NEISTI,ARRIVAL,Port,REYKJAVIK,2022-09-19 18:14 UTC,BOLUNGARVIK,REYKJAVIK ANCH,Not in Transit,251827110,0
WANCHUDUHAO,DEPARTURE,Anchorage,NANTONG ANCH,2022-09-19 18:14 UTC,-,-,Not in Transit,413974559,0
DHARMA FERRY I,DEPARTURE,Port,KETAPANG,2022-09-19 18:14 UTC,-,-,Not in Transit,525005322,8610332
MICHAEL L DAIGLE,DEPARTURE,Port,CHESTER,2022-09-19 18:14 UTC,-,-,Not in Transit,368085860,8973095
09016,ARRIVAL,Port,QUANZHOU,2022-09-19 18:14 UTC,QUANZHOU ANCH,QUANZHOU ANCH,Not in Transit,700060555,0
NIJVERHEID,DEPARTURE,Port,PARKHAVEN,2022-09-19 18:14 UTC,-,-,Not in Transit,244010437,5423623
CATWALK,ARRIVAL,Port,TEIGNMOUTH,2022-09-19 18:14 UTC,TEIGNMOUTH,TEIGNMOUTH,Not in Transit,232020734,0
GAYRETTEPE,ARRIVAL,Canal,ISTANBUL,2022-09-19 18:14 UTC,HAYDARPASA,HAYDARPASA,Not in Transit,271002533,8604723
FREYA,DEPARTURE,Port,GERKESKLOOSTER,2022-09-19 18:14 UTC,-,-,In Transit,244690633,0
RED JET 4,DEPARTURE,Port,COWES,2022-09-19 18:14 UTC,-,-,Not in Transit,235008564,9295854
LI XIN 8788,DEPARTURE,Port,GUANGZHOU,2022-09-19 18:14 UTC,-,-,Not in Transit,413995158,0
SILDAFJORD,DEPARTURE,Port,GJERMUNDSHAMN,2022-09-19 18:14 UTC,-,-,Not in Transit,257078370,9850733
WANYONGSHUN1668,ARRIVAL,Port,JINGJIANG,2022-09-19 18:14 UTC,SHANGHAI,SHANGHAI,Not in Transit,413833264,0
ZHONGCHENG26,ARRIVAL,Port,NANTONG,2022-09-19 18:14 UTC,SHANGHAI,SHANGHAI,Not in Transit,413832238,0
ZHUCHUAN 3001,ARRIVAL,Port,SHENZHEN,2022-09-19 18:14 UTC,HONG KONG,HONG KONG,Not in Transit,413865667,0
MING HANG 99,ARRIVAL,Port,NANJING,2022-09-19 18:14 UTC,ZHANGJIAGANG,ZHANGJIAGANG,Not in Transit,413855481,0
CONDOR TRADER,DEPARTURE,Port,ROTTERDAM,2022-09-19 18:14 UTC,-,-,Not in Transit,548944000,9742077
ARDENT,DEPARTURE,Port,SINGAPORE,2022-09-19 18:14 UTC,-,-,In Transit,566417000,9649134
HAWKS NEST,ARRIVAL,Marina,TWIN BRIDGES,2022-09-19 18:14 UTC,ANACORTES,ANACORTES,Not in Transit,368130630,0
VB TITAN,ARRIVAL,Port,ALGECIRAS,2022-09-19 18:14 UTC,CAMPAMENTO,ALGECIRAS ANCH,Not in Transit,224096000,9456898
ANJELIERSGRACHT,ARRIVAL,Port,ENGIS,2022-09-19 18:13 UTC,CHARLEROI,CHARLEROI,Not in Transit,244010413,0
MINF0NGYU 00588,ARRIVAL,Port,QUANZHOU,2022-09-19 18:13 UTC,QUANZHOU,QUANZHOU,Not in Transit,412452957,0
PIRATA DE ONZA,ARRIVAL,Port,VIGO,2022-09-19 18:13 UTC,MOANA,MOANA,Not in Transit,224261460,0
LILJE,ARRIVAL,Marina,DE HITSERT,2022-09-19 18:13 UTC,NUMANSDORP,NUMANSDORP,Not in Transit,244100479,0
KAPTAN SGEFIK GOGEN,DEPARTURE,Port,TOPCULAR,2022-09-19 18:13 UTC,-,-,Not in Transit,271002561,9161132
CAMILA III,DEPARTURE,Port,LA LIBERTAD,2022-09-19 18:13 UTC,-,-,Not in Transit,735059998,9147942
FRISIAN SPRING,DEPARTURE,Anchorage,ANTWERP ANCH,2022-09-19 18:13 UTC,-,-,Not in Transit,246571000,9367774
VAAGSOEY,ARRIVAL,Port,MOLDE,2022-09-19 18:13 UTC,MOLDE,MOLDE,Not in Transit,258314500,9506837
AL ARQ,ARRIVAL,Port,NADOR,2022-09-19 18:13 UTC,NADOR,NADOR,Not in Transit,242709200,8104242
VERONA,DEPARTURE,Port,SCHWANHEIM,2022-09-19 18:13 UTC,-,-,In Transit,244700399,0
YUEYINGDEHUO2988,ARRIVAL,Port,HUANGPU,2022-09-19 18:13 UTC,XINSHA,XINSHA,Not in Transit,413793262,0
MULTICRAFT R18,DEPARTURE,Port,JEBEL ALI,2022-09-19 18:13 UTC,-,-,Not in Transit,470022000,0
ZHONGYIRUNYANG,DEPARTURE,Port,SHANGHAI,2022-09-19 18:13 UTC,-,-,Not in Transit,413827734,0
ALFRED,DEPARTURE,Port,GILLS,2022-09-19 18:13 UTC,-,-,Not in Transit,232019501,9823467
JANICE ANN REINAUER,DEPARTURE,Port,NEW YORK,2022-09-19 18:13 UTC,-,-,Not in Transit,368163860,9903932
SIN JING FU NO.268,ARRIVAL,Port,PA-TOU-TZU,2022-09-19 18:13 UTC,PA-TOU-TZU,PA-TOU-TZU,Not in Transit,416211700,0
DOLCE MARE,ARRIVAL,Port,BEMMEL,2022-09-19 18:13 UTC,DORDRECHT,DORDRECHT,Not in Transit,244790251,0
OCEANQUEENROCKSTAR,DEPARTURE,Port,NEW YORK,2022-09-19 18:13 UTC,-,-,Not in Transit,368043070,0
HAINA,DEPARTURE,Port,ST CROIX,2022-09-19 18:13 UTC,-,-,Not in Transit,327770011,9429895
ROZTOCZE,ARRIVAL,Anchorage,GARRUCHA ANCH,2022-09-19 18:13 UTC,CASABLANCA,CASABLANCA,Not in Transit,311379000,9346835
AL DANA,DEPARTURE,Port,MALE,2022-09-19 18:13 UTC,-,-,Not in Transit,470264000,0
ISLAND FURY,DEPARTURE,Marina,DISCOVERY HARBOUR,2022-09-19 18:13 UTC,-,-,Not in Transit,316015978,0
STATIA CARONI,ARRIVAL,Port,SINT EUSTATIUS,2022-09-19 18:13 UTC,SANTO DOMINGO,SINT EUSTATIUS ANCH,Not in Transit,378112336,9354997
AQUARIUS,DEPARTURE,Port,BELFELD,2022-09-19 18:13 UTC,-,-,Not in Transit,244218293,0
LAGOAL,DEPARTURE,Port,PENICHE,2022-09-19 18:13 UTC,-,-,Not in Transit,263404870,0
HERA II,ARRIVAL,Port,MARSAMXETT,2022-09-19 18:13 UTC,VALLETTA,VALLETTA,Not in Transit,215568000,0
MAQUOIT II,DEPARTURE,Marina,CHEBEAGUE FERRY,2022-09-19 18:13 UTC,-,-,Not in Transit,366950450,0
SJOGRIP,ARRIVAL,Port,TRELLEBORG,2022-09-19 18:13 UTC,MALMO,MALMO,Not in Transit,265607640,0
SPAN ASIA 10,DEPARTURE,Port,MANILA,2022-09-19 18:13 UTC,-,-,Not in Transit,548597200,9076351
SE MARINA,ARRIVAL,Port,BARCELONA,2022-09-19 18:13 UTC,DAESAN,DAESAN,Not in Transit,370677000,9701047
MSC MARITINA F,ARRIVAL,Anchorage,ASYAPORT ANCH,2022-09-19 18:13 UTC,POTI,BOSPHORUS N ANCH,Not in Transit,636021990,9160920
SINTRENSE,ARRIVAL,Port,ALMADA,2022-09-19 18:13 UTC,LISBOA,LISBOA,Not in Transit,263701780,7808671
DRIVA,ARRIVAL,Port,ARASVIKA,2022-09-19 18:13 UTC,HENNSET,HENNSET,Not in Transit,257233400,6405238
TYRVING,ARRIVAL,Port,VIK,2022-09-19 18:13 UTC,BERGEN,BERGEN,Not in Transit,258130000,9264491
GAYRETTEPE,DEPARTURE,Port,HAYDARPASA,2022-09-19 18:13 UTC,-,-,Not in Transit,271002533,8604723
CSL TRIMNES,ARRIVAL,Anchorage,SOUTHWOLD ANCH,2022-09-19 18:13 UTC,EIKEFET,EIKEFET,Not in Transit,215349000,8908583
REAN,DEPARTURE,Port,OLBURGEN,2022-09-19 18:13 UTC,-,-,In Transit,244110814,0
CORVINA,ARRIVAL,Anchorage,LIMON BAY ANCH,2022-09-19 18:13 UTC,COLON 2000,COLON 2000,Not in Transit,356557000,0
SOUTHPORT,ARRIVAL,Port,SOUTHPORT,2022-09-19 18:13 UTC,SOUTHPORT,SOUTHPORT,Not in Transit,367143160,8643248
M.PILOT 2,DEPARTURE,Port,YARIMCA,2022-09-19 18:13 UTC,-,-,Not in Transit,271010348,0
CATALINA JET,ARRIVAL,Port,AVALON,2022-09-19 18:13 UTC,LONG BEACH,LONG BEACH,Not in Transit,367199310,8994142
HFL MARINER,ARRIVAL,Port,DAVENPORT,2022-09-19 18:13 UTC,MUSCATINE,MUSCATINE,Not in Transit,368237220,0
LINK SUN,DEPARTURE,Port,AARHUS,2022-09-19 18:13 UTC,-,-,Not in Transit,257969000,8805597
MONTCALM,DEPARTURE,Port,RADICATEL,2022-09-19 18:13 UTC,-,-,Not in Transit,227056790,0
INW8,DEPARTURE,Port,KHALIFA,2022-09-19 18:13 UTC,-,-,Not in Transit,374795000,0
KASHIMA,ARRIVAL,Port,PORT WALCOTT,2022-09-19 18:13 UTC,PORT WALCOTT ANCH,PORT WALCOTT ANCH,Not in Transit,503727000,9635896
WOLFE ISLANDER III,DEPARTURE,Port,KINGSTON,2022-09-19 18:13 UTC,-,-,Not in Transit,316013007,7423079
PENGDAYOU6,DEPARTURE,Port,HUANGGE,2022-09-19 18:13 UTC,-,-,Not in Transit,413845828,0
ZHELINANHUO00195,ARRIVAL,Port,SHANGHAI,2022-09-19 18:13 UTC,SHANGHAI,SHANGHAI,Not in Transit,413820355,0
LOURENS SR,DEPARTURE,Port,WIJK BIJ DUURSTEDE,2022-09-19 18:13 UTC,-,-,In Transit,244700423,0
MAGNIFIQUE II,ARRIVAL,Port,DORDRECHT,2022-09-19 18:13 UTC,THOLEN,THOLEN,Not in Transit,244010311,0
ZODIAC,ARRIVAL,Marina,ST ANDREWS,2022-09-19 18:13 UTC,ST ANDREWS,ST ANDREWS,Not in Transit,316003548,0
CHANGYUAN388,DEPARTURE,Port,ZHONGSHAN,2022-09-19 18:13 UTC,-,-,In Transit,412469740,0
ZHAO PING 886,ARRIVAL,Port,ZHENJIANG,2022-09-19 18:13 UTC,YIZHENG,YIZHENG,Not in Transit,413854547,0
LEOPLURADON,DEPARTURE,Port,SEATTLE,2022-09-19 18:13 UTC,-,-,Not in Transit,338218831,0
ANKICA,DEPARTURE,Port,BREUKELEN,2022-09-19 18:13 UTC,-,-,In Transit,244012012,0
SOLTANKA,ARRIVAL,Port,TROGIR,2022-09-19 18:13 UTC,BORAK,BORAK,Not in Transit,238116140,7120251
HANG JUN 6009,DEPARTURE,Anchorage,HUANGHUA ANCH,2022-09-19 18:13 UTC,-,-,Not in Transit,413381580,9859416
MSC DARIEN,ARRIVAL,Port,ALGECIRAS,2022-09-19 18:13 UTC,VALENCIA,VALENCIA,Not in Transit,255803780,9243394
NOMADIS,ARRIVAL,Port,HASSELT,2022-09-19 18:13 UTC,LELYSTAD,LELYSTAD,Not in Transit,244670740,0
MAGURO,ARRIVAL,Marina,BOSTON YACHT CLUB,2022-09-19 18:13 UTC,SANDWICH,SANDWICH,Not in Transit,368091190,0
NCC HAIEL,DEPARTURE,Anchorage,AL JUBAIL ANCH,2022-09-19 18:13 UTC,-,-,Not in Transit,403510001,9335068
ADNOC 512,DEPARTURE,Port,ZAKUM,2022-09-19 18:13 UTC,-,-,In Transit,470979000,9403566
LA PANTERA,ARRIVAL,Port,CARTAGENA,2022-09-19 18:13 UTC,CARTAGENA ANCH,CARTAGENA ANCH,Not in Transit,730152423,0
HUAHANGJI8998,ARRIVAL,Port,NANJING,2022-09-19 18:13 UTC,ZHENJIANG,ZHENJIANG,Not in Transit,413793346,0
RB6,DEPARTURE,Port,DEN OEVER,2022-09-19 18:13 UTC,-,-,Not in Transit,877227356,0
SIGNET COLUMBIA,ARRIVAL,Port,ARANSAS PASS,2022-09-19 18:13 UTC,INGLESIDE,INGLESIDE,Not in Transit,367299170,0
ENCANTOS DO DOURO,DEPARTURE,Port,PORTO,2022-09-19 18:13 UTC,-,-,Not in Transit,263750840,0
BASTO ELECTRIC,ARRIVAL,Port,MOSS,2022-09-19 18:13 UTC,HORTEN,HORTEN,Not in Transit,257122880,9878993
IASON,ARRIVAL,Marina,PESSADA,2022-09-19 18:13 UTC,AGIOS NIKOLAOS,AGIOS NIKOLAOS,Not in Transit,241642000,8800975
VB TITAN,DEPARTURE,Anchorage,ALGECIRAS ANCH,2022-09-19 18:13 UTC,-,-,Not in Transit,224096000,9456898
LUFAFA,DEPARTURE,Port,DURBAN,2022-09-19 18:13 UTC,-,-,Not in Transit,601115200,9548110
SPIDO 2,ARRIVAL,Port,GHENT,2022-09-19 18:13 UTC,GHENT,GHENT,Not in Transit,244730246,0
GERO B,DEPARTURE,Port,NIEUWEGEIN,2022-09-19 18:13 UTC,-,-,Not in Transit,244820279,8137770
YAVUZ SULTAN SELIM 1,ARRIVAL,Canal,ISTANBUL,2022-09-19 18:13 UTC,YALOVA TOWN,YALOVA TOWN,Not in Transit,271000975,9428750
IRIS,DEPARTURE,Port,MAASHEES,2022-09-19 18:13 UTC,-,-,Not in Transit,244700937,0
MARS SUN,ARRIVAL,Port,COATZACOALCOS,2022-09-19 18:13 UTC,DELAWARE CITY,COATZACOALCOS ANCH,Not in Transit,636016505,9332781
AHAVA,ARRIVAL,Port,GOCEK,2022-09-19 18:13 UTC,SELIMIYE,SELIMIYE,Not in Transit,232021661,0
ISLAND EXPLORER 5,ARRIVAL,Port,ANACORTES,2022-09-19 18:13 UTC,ANACORTES,ANACORTES,Not in Transit,369264000,0
CRES,ARRIVAL,Port,PRIZNA,2022-09-19 18:13 UTC,ZIGLJEN,ZIGLJEN,Not in Transit,238238340,9334741
JOMEL,ARRIVAL,Port,ENGIS,2022-09-19 18:13 UTC,IVOZ RAMET,IVOZ RAMET,Not in Transit,205435390,0
USHUAIA,DEPARTURE,Port,ROTTERDAM WAALHAVEN,2022-09-19 18:13 UTC,-,-,Not in Transit,244660962,0
ALDONA,DEPARTURE,Port,SAINT PIERRE,2022-09-19 18:13 UTC,-,-,Not in Transit,228023700,8857083
FULL MOON,DEPARTURE,Marina,PILOTHOUSE,2022-09-19 18:13 UTC,-,-,Not in Transit,368093760,0
BETUWE,ARRIVAL,Port,PAPENDRECHT,2022-09-19 18:13 UTC,DEEST,DEEST,Not in Transit,244059940,0
FENG HUANG LING,ARRIVAL,Port,XINHIAXIANG,2022-09-19 18:13 UTC,XINHIAXIANG,XINHIAXIANG,Not in Transit,413523990,0
DON JUAN,DEPARTURE,Port,CALETA LA ARENA,2022-09-19 18:13 UTC,-,-,Not in Transit,725000406,9173604
JOHN AUSTIN,ARRIVAL,Port,BELLE VERNON,2022-09-19 18:13 UTC,ELIZABETH,ELIZABETH,Not in Transit,368248580,0
EGE20,DEPARTURE,Port,ISKENDERUN,2022-09-19 18:13 UTC,-,-,Not in Transit,271044615,9767168
50NORTH,ARRIVAL,Marina,DISCOVERY HARBOUR,2022-09-19 18:13 UTC,DISCOVERY HARBOUR,DISCOVERY HARBOUR,Not in Transit,316031405,0
AMIGO,ARRIVAL,Port,HEMIKSEM,2022-09-19 18:13 UTC,WINTHAM,WINTHAM,Not in Transit,244750070,0
SVITZER BOOTLE,ARRIVAL,Port,PURFLEET,2022-09-19 18:13 UTC,GRAVESEND,GRAVESEND,Not in Transit,235013782,9286683
VANTHYA,DEPARTURE,Port,ENKHUIZEN,2022-09-19 18:13 UTC,-,-,Not in Transit,244700710,0
FIRESWIFT,ARRIVAL,Port,GIBRALTAR,2022-09-19 18:13 UTC,GIBRALTAR,GIBRALTAR,Not in Transit,235095916,0
DAHOAM,ARRIVAL,Port,GEDSER,2022-09-19 18:13 UTC,NEUSTADT,NEUSTADT,Not in Transit,203871300,0
BABY JORGIA,ARRIVAL,Port,CAPRI,2022-09-19 18:13 UTC,MARINA PICCOLA,MARINA PICCOLA,Not in Transit,538071629,0
CHAMPION,DEPARTURE,Port,BOSTON,2022-09-19 18:13 UTC,-,-,Not in Transit,367784560,0
MARIA,DEPARTURE,Port,PAPENDRECHT,2022-09-19 18:13 UTC,-,-,In Transit,244710110,0
HYOP SUNG NO.61,DEPARTURE,Port,BUSAN NEW PORT,2022-09-19 18:13 UTC,-,-,Not in Transit,440018500,0
MALA,DEPARTURE,Port,NUUK,2022-09-19 18:13 UTC,-,-,Not in Transit,331850000,0
AUDREY,ARRIVAL,Port,MADISON PARK,2022-09-19 18:13 UTC,MADISON PARK,MADISON PARK,Not in Transit,338385022,0
ISLE OF INISHMORE,DEPARTURE,Port,DOVER,2022-09-19 18:13 UTC,-,-,Not in Transit,209093000,9142605
KUPER,DEPARTURE,Port,THETIS ISLAND,2022-09-19 18:13 UTC,-,-,Not in Transit,316009547,9029267
FAIRPLAY 21,ARRIVAL,Port,ROTTERDAM VONDELING,2022-09-19 18:13 UTC,ROTTERDAM BOTLEK,ROTTERDAM BOTLEK,Not in Transit,305435000,9148752
LUNA PILOTS,DEPARTURE,Port,IJMUIDEN,2022-09-19 18:13 UTC,-,-,Not in Transit,244140114,0
MAZU,ARRIVAL,Port,IJMUIDEN,2022-09-19 18:13 UTC,ENKHUIZEN,ENKHUIZEN,Not in Transit,244038025,0
SAMNOY,DEPARTURE,Port,HALHJEM,2022-09-19 18:13 UTC,-,-,Not in Transit,257055860,9825817
MULAN,DEPARTURE,Port,SINGAPORE,2022-09-19 18:13 UTC,-,-,Not in Transit,563030690,9759214
ATTICUS,DEPARTURE,Anchorage,KHOR FAKKAN ANCH,2022-09-19 18:13 UTC,-,-,Not in Transit,248035000,9471173
CABALLERO,DEPARTURE,Port,VALENCIA,2022-09-19 18:13 UTC,-,-,Not in Transit,224071170,0
JACK RABBIT,ARRIVAL,Port,ESQUIMALT,2022-09-19 18:13 UTC,VAN ISLE,VAN ISLE,Not in Transit,316033345,0
HOUSTON HARMONY,DEPARTURE,Port,NEW ORLEANS,2022-09-19 18:13 UTC,-,-,In Transit,352608000,9845984
THOR FREYJA,DEPARTURE,Port,ABERDEEN,2022-09-19 18:13 UTC,-,-,Not in Transit,311000273,9679050
KAOBIM,DEPARTURE,Anchorage,LAGOS ANCH,2022-09-19 18:13 UTC,-,-,Not in Transit,657243000,9902029
DIONISIOS SOLOMOS,ARRIVAL,Port,SIFNOS,2022-09-19 18:13 UTC,SERIFOS,SERIFOS,Not in Transit,239627000,8909886
XIN LONG 993,DEPARTURE,Port,CHIWAN,2022-09-19 18:13 UTC,-,-,Not in Transit,413706050,0
MARIIA,ARRIVAL,Port,VENTSPILS,2022-09-19 18:13 UTC,VANDBURG,VANDBURG,Not in Transit,230135050,0
CONDOR,DEPARTURE,Port,BALTIMORE,2022-09-19 18:13 UTC,-,-,Not in Transit,367754720,0
ESS PRIDE,ARRIVAL,Marina,FAIRHAVEN SHIPYARD,2022-09-19 18:13 UTC,POPE'S ISLAND,POPE'S ISLAND,Not in Transit,367411950,0
VIENTO,ARRIVAL,Port,TERNEUZEN,2022-09-19 18:13 UTC,ZELZATE,ZELZATE,Not in Transit,244969909,0
SUPPLIER,ARRIVAL,Port,FISKEBACK,2022-09-19 18:13 UTC,GOTEBORG,GOTEBORG ANCH,Not in Transit,219014435,0
GABRIELE,ARRIVAL,Port,LEIRVIK,2022-09-19 18:13 UTC,STORD,STORD,Not in Transit,257074870,9156357
63166,ARRIVAL,Port,PINGTAN,2022-09-19 18:13 UTC,PINGTAN,PINGTAN,Not in Transit,201810135,0
LYSOEY,DEPARTURE,Port,SANDVIKVAAG,2022-09-19 18:13 UTC,-,-,Not in Transit,257056190,9822073
RICHARD S EDWARDS,ARRIVAL,Port,WOODS HOLE,2022-09-19 18:13 UTC,WOODS HOLE,WOODS HOLE,Not in Transit,367377340,0
AL IDRISI,DEPARTURE,Port,POSORJA,2022-09-19 18:13 UTC,-,-,In Transit,253495000,9572707
MARAVILLA,ARRIVAL,Port,PAPENDRECHT,2022-09-19 18:13 UTC,OCHTEN,OCHTEN,Not in Transit,244690665,0
CONDOR,DEPARTURE,Port,PORTO FERRAIO,2022-09-19 18:13 UTC,-,-,Not in Transit,247067730,0
NUEVO ALANDALUS,DEPARTURE,Port,ISLA CRISTINA,2022-09-19 18:13 UTC,-,-,Not in Transit,224049540,0
NUEVO SAN SEBASTIAN,ARRIVAL,Port,LOS CRISTIANOS,2022-09-19 18:13 UTC,PLAYA SAN JUAN,PLAYA SAN JUAN,Not in Transit,224094870,0
AMICE,ARRIVAL,Port,GRIETH,2022-09-19 18:13 UTC,WIJK BIJ DUURSTEDE,WIJK BIJ DUURSTEDE,Not in Transit,244620677,0
30005 06 63,ARRIVAL,Port,QUANZHOU,2022-09-19 18:13 UTC,QUANZHOU,QUANZHOU,Not in Transit,412300056,0
REINA URDUJA,DEPARTURE,Port,MATNOG,2022-09-19 18:13 UTC,-,-,Not in Transit,600013144,0
SURFER 1947,ARRIVAL,Offshore Terminal,ETAME,2022-09-19 18:13 UTC,ETAME,ETAME,Not in Transit,370373000,0
OCEAN TITAN,ARRIVAL,Port,HAINES,2022-09-19 18:13 UTC,JUNEAU,JUNEAU,Not in Transit,366980180,8987931
ZI JING SHI ER HAO,DEPARTURE,Port,HAIAN,2022-09-19 18:13 UTC,-,-,Not in Transit,413232490,0
SOLWAY FISHER,ARRIVAL,Port,INVERNESS,2022-09-19 18:12 UTC,IMMINGHAM,IMMINGHAM,Not in Transit,308665000,9320491
EILTANK 68,ARRIVAL,Port,MONDORF,2022-09-19 18:12 UTC,BENDORF,BENDORF,Not in Transit,211512080,0
CONDOR,DEPARTURE,Port,GERKESKLOOSTER,2022-09-19 18:12 UTC,-,-,In Transit,244650917,0
ANIMO,ARRIVAL,Port,PANNERDEN,2022-09-19 18:12 UTC,ZUTPHEN,ZUTPHEN,Not in Transit,244670217,0
WESTWARD,ARRIVAL,Port,BELLINGHAM,2022-09-19 18:12 UTC,PRINCE RUPERT,PRINCE RUPERT,Not in Transit,367583000,0
TALHOUANT,ARRIVAL,Port,PORT LOUIS,2022-09-19 18:12 UTC,LORIENT,LORIENT,Not in Transit,227001170,8895530
SHANNON BREEZE,DEPARTURE,Port,KILLIMER,2022-09-19 18:12 UTC,-,-,Not in Transit,250297000,9224910
PILOT ONE,DEPARTURE,Port,TARIFA,2022-09-19 18:12 UTC,-,-,Not in Transit,225982191,0
SD451 FERDER,ARRIVAL,Marina,GREBBESTAD BUNK,2022-09-19 18:12 UTC,GREBBESTAD BUNK,GREBBESTAD BUNK,Not in Transit,266285000,0
ERATO,DEPARTURE,Port,MAASBRACHT,2022-09-19 18:12 UTC,-,-,Not in Transit,244700644,0
SPINDLETOP,DEPARTURE,Anchorage,PORT ARTHUR ANCH,2022-09-19 18:12 UTC,-,-,Not in Transit,368184910,0
ARTA,ARRIVAL,Port,HVAR,2022-09-19 18:12 UTC,SPLIT,SPLIT,Not in Transit,238053740,9817638
PILOT BRANDYWINE,DEPARTURE,Port,LEWES,2022-09-19 18:12 UTC,-,-,Not in Transit,366980160,0
FAVORIET,ARRIVAL,Port,GERNSHEIM,2022-09-19 18:12 UTC,KARLSRUHE,KARLSRUHE,Not in Transit,244670831,0
MINHUIYU02010,ARRIVAL,Port,QUANZHOU,2022-09-19 18:12 UTC,-,-,Not in Transit,412451306,0
PUFFIN ISLAND,DEPARTURE,Anchorage,SOUTHWOLD ANCH,2022-09-19 18:12 UTC,-,-,Not in Transit,235068193,9266396
GOYA,ARRIVAL,Port,HAAFTEN,2022-09-19 18:12 UTC,DUSSELDORF,DUSSELDORF,Not in Transit,211556920,8899483
OLE BULL,ARRIVAL,Port,VALESTRANDSFOSSEN,2022-09-19 18:12 UTC,VALESTRANDSFOSSEN,VALESTRANDSFOSSEN,Not in Transit,259188000,9081954
YUEZHANYU00208,DEPARTURE,Port,DOUMEN,2022-09-19 18:12 UTC,-,-,Not in Transit,412472904,0
CATANIA,DEPARTURE,Port,CAGLIARI,2022-09-19 18:12 UTC,-,-,Not in Transit,247098200,9261554
ZHENHANGJI 168,DEPARTURE,Port,JINGJIANG,2022-09-19 18:12 UTC,-,-,In Transit,413842686,0
RO VER,DEPARTURE,Port,ANDERNACH,2022-09-19 18:12 UTC,-,-,In Transit,244127849,0
INITIA,DEPARTURE,Port,HANSWEERT,2022-09-19 18:12 UTC,-,-,Not in Transit,244137310,0
WAYU,ARRIVAL,Marina,THOMAS MAESTRE,2022-09-19 18:12 UTC,THOMAS MAESTRE,THOMAS MAESTRE,Not in Transit,224059950,0
MR.J.O.,ARRIVAL,Port,CAMERON,2022-09-19 18:12 UTC,CAMERON,CAMERON,Not in Transit,367672550,8998174
TOYOOF,DEPARTURE,Port,MUSAFFAH,2022-09-19 18:12 UTC,-,-,Not in Transit,471057000,9826914
KINSARVIK,DEPARTURE,Port,KINSARVIK,2022-09-19 18:12 UTC,-,-,Not in Transit,257071050,9855800
SEASPAN JAKARTA,DEPARTURE,Anchorage,JEBEL ALI ANCH,2022-09-19 18:12 UTC,-,-,Not in Transit,477105300,9301794
KRVE 59,DEPARTURE,Port,HOEK VAN HOLLAND,2022-09-19 18:12 UTC,-,-,Not in Transit,244650597,0
SINTRENSE,DEPARTURE,Port,LISBOA,2022-09-19 18:12 UTC,-,-,Not in Transit,263701780,7808671
RASITBEY,ARRIVAL,Port,HAYDARPASA,2022-09-19 18:12 UTC,TUZLA,ISTANBUL ANCH,Not in Transit,271002200,0
HUAIHAIJIYUN,DEPARTURE,Port,TAICANG,2022-09-19 18:12 UTC,-,-,Not in Transit,413987227,0
FROEYHAV,ARRIVAL,Port,SANDVIKSBERGET,2022-09-19 18:12 UTC,RORVIK,RORVIK,Not in Transit,257836600,0
TULA,ARRIVAL,Marina,JARRETT BAY BOATWORK,2022-09-19 18:12 UTC,BEAUFORT,BEAUFORT,Not in Transit,368243020,0
CHAPERON,DEPARTURE,Port,GOUDA,2022-09-19 18:12 UTC,-,-,Not in Transit,244620984,0
HONGCHENGYOU666,ARRIVAL,Port,YANGZHOU,2022-09-19 18:12 UTC,NANTONG,NANTONG,Not in Transit,413952535,0
TRISTAN,ARRIVAL,Port,KINDERDIJK,2022-09-19 18:12 UTC,ROTTERDAM WAALHAVEN,ROTTERDAM WAALHAVEN,Not in Transit,244710903,0
NICE TULIP,ARRIVAL,Port,FUJAIRAH,2022-09-19 18:12 UTC,FUJAIRAH ANCH,FUJAIRAH ANCH,Not in Transit,471027000,7434406
LUCIA MADRE,ARRIVAL,Port,VIESTE,2022-09-19 18:12 UTC,MANFREDONIA,MANFREDONIA,Not in Transit,247125790,0
SVITZER NEREID,DEPARTURE,Port,ST CROIX,2022-09-19 18:12 UTC,-,-,Not in Transit,378112811,9581617
JIN LONG 301,DEPARTURE,Port,SHENZHEN,2022-09-19 18:12 UTC,-,-,In Transit,413762749,0
LINDA MARIE,ARRIVAL,Port,JUDITH POINT,2022-09-19 18:12 UTC,JUDITH POINT,JUDITH POINT,Not in Transit,367588040,0
THE COUNTESS,DEPARTURE,Marina,FALSE CREEK,2022-09-19 18:12 UTC,-,-,Not in Transit,316004455,0
MASHOMACK,ARRIVAL,Marina,MITCHELL,2022-09-19 18:12 UTC,SHELTER ISLAND HEIGH,SHELTER ISLAND HEIGH,Not in Transit,366863870,0
TAIYOUMARU,ARRIVAL,Port,ONOMICHIITOZAKI,2022-09-19 18:12 UTC,MIZUSHIMA,MIZUSHIMA,Not in Transit,431008224,0
ZANCLE,ARRIVAL,Port,TREMESTIERI,2022-09-19 18:12 UTC,VILLA SAN GIOVANNI,VILLA SAN GIOVANNI,Not in Transit,247054400,9048495
POYANG,ARRIVAL,Anchorage,PANAMA ANCH ATLANTIC,2022-09-19 18:12 UTC,NEW ORLEANS,NEW ORLEANS,Not in Transit,477669100,9721580
CANKUS,DEPARTURE,Port,RUMELI FENERI,2022-09-19 18:12 UTC,-,-,Not in Transit,271045756,0
DELIGRAD,ARRIVAL,Port,PANCEVO,2022-09-19 18:12 UTC,VELIKO GRADISTE,VELIKO GRADISTE,Not in Transit,279202320,0
AURORA,DEPARTURE,Port,WERKENDAM,2022-09-19 18:12 UTC,-,-,In Transit,244670390,0
SECUNDA,DEPARTURE,Port,EMPEL,2022-09-19 18:12 UTC,-,-,In Transit,244750390,0
KVERNES,DEPARTURE,Port,TRANDAL,2022-09-19 18:12 UTC,-,-,Not in Transit,257297400,7618832
NESOY,ARRIVAL,Port,ONOY,2022-09-19 18:12 UTC,INDRE KVAROY,INDRE KVAROY,Not in Transit,257801800,0
MF MARY,ARRIVAL,Marina,SUNDSORE LYSTBAADEH,2022-09-19 18:12 UTC,HVALPSUND,HVALPSUND,Not in Transit,220000054,9363352
FJORDGLYTT,DEPARTURE,Port,FLORO,2022-09-19 18:12 UTC,-,-,Not in Transit,257640900,9223071
MALI PRINC,ARRIVAL,Marina,SVITA ANTE CAPLJENA,2022-09-19 18:12 UTC,SIBENIK,SIBENIK,Not in Transit,238330740,9553189
WANWUHEHUO1879,ARRIVAL,Port,NANTONG,2022-09-19 18:12 UTC,NANTONG,NANTONG,Not in Transit,413761895,0
HAYABUSANO3,ARRIVAL,Port,AOMORI,2022-09-19 18:12 UTC,HAKODATE,HAKODATE,Not in Transit,431800597,9221243
SIROCCO,ARRIVAL,Marina,NORDEN BRO,2022-09-19 18:12 UTC,FUR HAVN,FUR HAVN,Not in Transit,219018789,0
LA PANTERA,DEPARTURE,Anchorage,CARTAGENA ANCH,2022-09-19 18:12 UTC,-,-,Not in Transit,730152423,0
PYXIS,DEPARTURE,Port,VALLEJO,2022-09-19 18:12 UTC,-,-,Not in Transit,368053730,0
CAPT STOGIE WHITE,ARRIVAL,Port,HUNTINGTON TRI STATE,2022-09-19 18:12 UTC,HANNIBAL,HANNIBAL,Not in Transit,367412630,0
AREMITI FERRY II,ARRIVAL,Port,PAPEETE,2022-09-19 18:12 UTC,PAPEETE,PAPEETE,Not in Transit,546018300,9653824
YUEHONG007,ARRIVAL,Port,HUANGPU,2022-09-19 18:12 UTC,GUANGZHOU,GUANGZHOU,Not in Transit,413907549,0
MERCANDIA IV,ARRIVAL,Port,HELSINGBORG,2022-09-19 18:12 UTC,HELSINGOR,HELSINGOR,Not in Transit,219000368,8611685
BAJAMAR EXPRESS,ARRIVAL,Port,PUERTO DE LAS NIEVES,2022-09-19 18:12 UTC,TENERIFE,TENERIFE,Not in Transit,224131000,9874296
PRAIRIE STATE,DEPARTURE,Port,LEMONT,2022-09-19 18:12 UTC,-,-,In Transit,368032620,0
BLUE WING,DEPARTURE,Marina,BEARDSTOWN,2022-09-19 18:12 UTC,-,-,Not in Transit,367653520,0
LANDS END,ARRIVAL,Port,ANACORTES,2022-09-19 18:12 UTC,ROCHE HARBOR,ROCHE HARBOR,Not in Transit,367536450,0
LIU HANG HUO 999,ARRIVAL,Port,TAICANG,2022-09-19 18:12 UTC,NANTONG,NANTONG,Not in Transit,413845943,0
AKRA 40,ARRIVAL,Port,BUNATI,2022-09-19 18:12 UTC,SAMARINDA,PEMANCINGAN ANCH,Not in Transit,525005173,9678458
STERLING,ARRIVAL,Canal,ISTANBUL,2022-09-19 18:12 UTC,ZEYTINBURNU,ISTANBUL ANCH,Not in Transit,271010111,9040924
OSTANA I,DEPARTURE,Port,STOCKHOLM,2022-09-19 18:12 UTC,-,-,Not in Transit,265609500,5266348
MARIA DIANA,ARRIVAL,Port,BATANGAS,2022-09-19 18:12 UTC,ODIONGAN,ODIONGAN,Not in Transit,500660500,7033446
LARA,ARRIVAL,Port,PRVIC,2022-09-19 18:12 UTC,ZLARIN,ZLARIN,Not in Transit,238114040,8846369
CIRCLE,ARRIVAL,Port,DRUTEN,2022-09-19 18:12 UTC,ANTWERP,ANTWERP,Not in Transit,244710135,0
BRU 8 MARINUS,DEPARTURE,Port,HARLINGEN,2022-09-19 18:12 UTC,-,-,Not in Transit,244035000,8911970
MC EXPERIMERNTAL CV,DEPARTURE,Port,NORFOLK,2022-09-19 18:12 UTC,-,-,Not in Transit,369914062,0
HARMONIE,ARRIVAL,Port,BOTTROP,2022-09-19 18:12 UTC,DUISBURG,DUISBURG,Not in Transit,253242448,0
LESTUAIRE,ARRIVAL,Marina,ROYAN,2022-09-19 18:12 UTC,LE-VERDON-SUR-MER,LE-VERDON-SUR-MER,Not in Transit,227799320,9475375
JS CHUKAR,ARRIVAL,Port,PURFLEET,2022-09-19 18:12 UTC,VLISSINGEN,LONDON ANCH,Not in Transit,249362000,9578000
JJ CALLIS,ARRIVAL,Port,PLUM ISLAND,2022-09-19 18:12 UTC,ORIENT POINT,ORIENT POINT,Not in Transit,367107990,0
BLUE HORIZON,DEPARTURE,Port,HERACLIO,2022-09-19 18:12 UTC,-,-,Not in Transit,239575000,8616336
GRANIT,ARRIVAL,Port,YALOVA,2022-09-19 18:12 UTC,YALOVA,YALOVA,Not in Transit,271010167,8883874
AXIOMA,ARRIVAL,Port,SERAING,2022-09-19 18:12 UTC,GENK,GENK,Not in Transit,205287390,0
SUHULET,ARRIVAL,Port,ESKIHISAR,2022-09-19 18:12 UTC,TOPCULAR,TOPCULAR,Not in Transit,271002544,9415492
MARGARET CHASE SMITH,ARRIVAL,Marina,TOWN DOCK AT GRINDLE,2022-09-19 18:12 UTC,LINCOLNVILLE,LINCOLNVILLE,Not in Transit,367191630,0
FOREVER YOUNG,ARRIVAL,Marina,HUDSON POWER BOAT,2022-09-19 18:12 UTC,OSWEGO,OSWEGO,Not in Transit,338339378,0
VB TRON,ARRIVAL,Port,ALGECIRAS,2022-09-19 18:12 UTC,CAMPAMENTO,ALGECIRAS ANCH,Not in Transit,224248000,9456903
FEROX,ARRIVAL,Port,FLEVO MARINA,2022-09-19 18:12 UTC,ELBURG,ELBURG,Not in Transit,244723484,0
RESCUE 1,ARRIVAL,Marina,MARINA PLAZA HARBOR,2022-09-19 18:12 UTC,RICHARDSON BAY,RICHARDSON BAY,Not in Transit,338141849,0
PILOT GP33,ARRIVAL,Port,SINGAPORE,2022-09-19 18:12 UTC,SINGAPORE,SINGAPORE,Not in Transit,563010650,0
RESCUE PR. RAGNHILD,DEPARTURE,Port,HORTEN,2022-09-19 18:12 UTC,-,-,Not in Transit,257067640,0
GUIXIANGJIANG2268,DEPARTURE,Port,GUANGZHOU,2022-09-19 18:12 UTC,-,-,In Transit,413950931,0
CTR TT 0020 05 100,ARRIVAL,Port,PA-TOU-TZU,2022-09-19 18:12 UTC,SUAO,SUAO,Not in Transit,416002005,0
GAMBOA DO MORRO,ARRIVAL,Port,SALVADOR,2022-09-19 18:12 UTC,SALVADOR,SALVADOR,Not in Transit,710002865,0
RODVENFJORD,DEPARTURE,Port,SOLSNES,2022-09-19 18:12 UTC,-,-,Not in Transit,258011780,9889382
AVANTE 2,ARRIVAL,Port,VILA DO CONDE,2022-09-19 18:12 UTC,VILA DO CONDE,VILA DO CONDE,Not in Transit,710002182,0
PB TECNILAN I,DEPARTURE,Port,CARTAGENA,2022-09-19 18:12 UTC,-,-,Not in Transit,730153879,0
MIMI JANE,ARRIVAL,Port,KINGSTON,2022-09-19 18:12 UTC,KINGSTON,KINGSTON,Not in Transit,316048394,0
TOM ZUPAN,ARRIVAL,Port,WOOD RIVER,2022-09-19 18:12 UTC,WOOD RIVER,WOOD RIVER,Not in Transit,367522920,0
CHRYSA,DEPARTURE,Port,PALOUKIA,2022-09-19 18:12 UTC,-,-,Not in Transit,240000500,9822839
HERCULES 1,ARRIVAL,Port,CHIMBOTE,2022-09-19 18:12 UTC,PUERTO CHICAMA,CHIMBOTE ANCH,Not in Transit,760010001,0
PILOT GP60,ARRIVAL,Port,SINGAPORE,2022-09-19 18:12 UTC,CHANGI,SINGAPORE ANCH,Not in Transit,563030050,0
KE JIN HAO,ARRIVAL,Port,DALIAN,2022-09-19 18:12 UTC,XIAMEN,DALIAN ANCH,Not in Transit,413359620,9611591
ELISE,ARRIVAL,Port,LISBOA,2022-09-19 18:12 UTC,SANTO AMARO,SANTO AMARO,Not in Transit,263440825,0
MILEVA,DEPARTURE,Port,ZEYTINBURNU,2022-09-19 18:12 UTC,-,-,Not in Transit,271048149,0
EUROPA,DEPARTURE,Port,DUSSELDORF,2022-09-19 18:12 UTC,-,-,In Transit,270783000,0
RUURTJE,DEPARTURE,Port,DORDRECHT,2022-09-19 18:12 UTC,-,-,Not in Transit,244750299,0
POLARNET,DEPARTURE,Anchorage,MELILLA ANCH,2022-09-19 18:12 UTC,-,-,Not in Transit,271044519,9758961
VIENTO,DEPARTURE,Port,SLUISKIL,2022-09-19 18:12 UTC,-,-,In Transit,244969909,0
EENHOORN,ARRIVAL,Port,AMSTERDAM,2022-09-19 18:12 UTC,NIEUWEGEIN,NIEUWEGEIN,Not in Transit,244650993,9249867
DCI DREDGE XVI,DEPARTURE,Port,MORMUGAO,2022-09-19 18:12 UTC,-,-,Not in Transit,419017300,9217280
PARADOX,DEPARTURE,Port,VLISSINGEN,2022-09-19 18:12 UTC,-,-,Not in Transit,244650832,0
SOMNIUM VIDERE,ARRIVAL,Port,UTRECHT,2022-09-19 18:12 UTC,AMSTERDAM,AMSTERDAM,Not in Transit,211808190,0
CAPT LONNIE RYAN,DEPARTURE,Port,VICKSBURG,2022-09-19 18:12 UTC,-,-,In Transit,368220860,0
PLATONE,DEPARTURE,Port,VULCANO,2022-09-19 18:12 UTC,-,-,Not in Transit,247193300,9309916
OCEAN STATE,DEPARTURE,Port,NEWPORT,2022-09-19 18:12 UTC,-,-,Not in Transit,367675020,0
F.A.GAUTHIER,DEPARTURE,Port,MATANE,2022-09-19 18:12 UTC,-,-,Not in Transit,316014080,9669861
PUCK,ARRIVAL,Port,S-GRAVENDEEL,2022-09-19 18:12 UTC,ROTTERDAM WAALHAVEN,ROTTERDAM WAALHAVEN,Not in Transit,244750416,0
DON EUDO,ARRIVAL,Port,CARTAGENA,2022-09-19 18:12 UTC,CARTAGENA,CARTAGENA,Not in Transit,312057000,0
KARUNAIMATHANET2 98,DEPARTURE,Anchorage,MORMUGAO ANCH,2022-09-19 18:12 UTC,-,-,Not in Transit,419385439,0
RESCUE KOTKA,ARRIVAL,Marina,KOTKA SAPOKALAHTI EA,2022-09-19 18:12 UTC,KOTKA,KOTKA ANCH,Not in Transit,230018360,0
LEMONT TRADER,DEPARTURE,Port,METROPOLIS,2022-09-19 18:12 UTC,-,-,In Transit,367396120,0
TYCHO BRAHE,DEPARTURE,Port,HELSINGOR,2022-09-19 18:12 UTC,-,-,Not in Transit,219230000,9007116
SUROIT,DEPARTURE,Port,FORTUNE,2022-09-19 18:12 UTC,-,-,Not in Transit,228092900,9803261
HYUNDAI VANCOUVER,DEPARTURE,Anchorage,BOTANY ANCH,2022-09-19 18:12 UTC,-,-,Not in Transit,441111000,9463085
LA PURDENSIS,ARRIVAL,Port,TOURNAI (DOORNIK),2022-09-19 18:12 UTC,GHENT,GHENT,Not in Transit,205363690,0
ENDLESS SUMMER,DEPARTURE,Port,WOODS HOLE,2022-09-19 18:12 UTC,-,-,In Transit,338371972,0
TRIUMPHANT,ARRIVAL,Port,LOS ANGELES,2022-09-19 18:12 UTC,LONG BEACH,LONG BEACH,Not in Transit,367580930,0
THUN GARLAND,DEPARTURE,Port,SODERTALJE,2022-09-19 18:12 UTC,-,-,Not in Transit,244678000,9393345
ENDURANCE,ARRIVAL,Port,GEEL,2022-09-19 18:12 UTC,HERENTALS,HERENTALS,Not in Transit,244030091,0
UGAH CONFIDENCE,DEPARTURE,Anchorage,ALEXANDRIA ANCH,2022-09-19 18:12 UTC,-,-,Not in Transit,341141000,9892963
AGERSOE III,ARRIVAL,Port,AGERSOE,2022-09-19 18:12 UTC,STIGSNAES,STIGSNAES,Not in Transit,219016832,9649677
MINPINGYU63166,ARRIVAL,Port,PINGTAN,2022-09-19 18:12 UTC,-,-,Not in Transit,412443773,0
NEPTUNES RIDE,DEPARTURE,Anchorage,BRIDGEPORT ANCH,2022-09-19 18:12 UTC,-,-,Not in Transit,338023273,0
TAIHEIZAN MARU,DEPARTURE,Port,ONOMICHIITOZAKI,2022-09-19 18:12 UTC,-,-,In Transit,431013094,0
HARDI,DEPARTURE,Port,WINTHAM,2022-09-19 18:12 UTC,-,-,Not in Transit,244700449,0
MIRADOR,DEPARTURE,Port,BONN,2022-09-19 18:12 UTC,-,-,In Transit,211464830,0
MANHANSETT,ARRIVAL,Port,SHELTER ISLAND HEIGH,2022-09-19 18:12 UTC,MITCHELL,MITCHELL,Not in Transit,367327040,0
MINHUIYU94205,ARRIVAL,Port,QUANZHOU,2022-09-19 18:12 UTC,QUANZHOU ANCH,QUANZHOU ANCH,Not in Transit,800045151,0
VECTURA,ARRIVAL,Port,GENK,2022-09-19 18:12 UTC,HASSELT,HASSELT,Not in Transit,244620959,0
DAGGRI,ARRIVAL,Port,ULSTA (YELL),2022-09-19 18:12 UTC,ULSTA (YELL),ULSTA (YELL),Not in Transit,235014768,9291614
HANG LONG JI 006,ARRIVAL,Port,NANTONG,2022-09-19 18:12 UTC,TAICANG,TAICANG,Not in Transit,413849501,0
WITTE DE WITH,ARRIVAL,Port,ROTTERDAM CENTRUM,2022-09-19 18:12 UTC,PAPENDRECHT,PAPENDRECHT,Not in Transit,244030940,9208992
AMANDINE,ARRIVAL,Port,ROTTERDAM,2022-09-19 18:12 UTC,ROZENBURG,ROZENBURG,Not in Transit,249679000,9424871
RENDEZVOUS W DESTY,DEPARTURE,Marina,CAMACHEE,2022-09-19 18:12 UTC,-,-,Not in Transit,368162830,0
ANNA,ARRIVAL,Port,GIBRALTAR,2022-09-19 18:12 UTC,GIBRALTAR,GIBRALTAR,Not in Transit,235053248,0
GIBPILOTS SOVEREIGN,ARRIVAL,Anchorage,GIBRALTAR WEST ANCH,2022-09-19 18:12 UTC,GIBRALTAR,GIBRALTAR,Not in Transit,236111288,0
YN 512328,DEPARTURE,Port,PUNTA CARDON,2022-09-19 18:12 UTC,-,-,Not in Transit,376071000,9670987
MJ MONAHAN,ARRIVAL,Port,STRATTON,2022-09-19 18:12 UTC,OHIOVIEW,OHIOVIEW,Not in Transit,367797450,0
CML EMERALD,DEPARTURE,Port,KHOR FAKKAN,2022-09-19 18:12 UTC,-,-,Not in Transit,352318000,9083017
SALISH ORCA,ARRIVAL,Port,POWELL RIVER,2022-09-19 18:11 UTC,POWELL RIVER,POWELL RIVER,Not in Transit,316030627,9750270
RIO GUAZU,DEPARTURE,Port,ZARATE,2022-09-19 18:11 UTC,-,-,In Transit,701006240,0
ZAANSTAD II,ARRIVAL,Port,AMSTERDAM,2022-09-19 18:11 UTC,NAUERNA,NAUERNA,Not in Transit,244630087,0
SAMBONG HERA,DEPARTURE,Port,KRISHNAPATNAM,2022-09-19 18:11 UTC,-,-,Not in Transit,440431000,9829526
WANHUAINANHUO1292,DEPARTURE,Port,NANTONG,2022-09-19 18:11 UTC,-,-,In Transit,413790261,0
GREAT BALBOA,ARRIVAL,Anchorage,LIMON BAY ANCH,2022-09-19 18:11 UTC,LAS MINAS,LAS MINAS,Not in Transit,356102000,6329020
MARCO POLO,DEPARTURE,Port,TRELLEBORG,2022-09-19 18:11 UTC,-,-,Not in Transit,209764000,9019080
EXCELLENT,DEPARTURE,Port,SETE,2022-09-19 18:11 UTC,-,-,Not in Transit,247279000,9143441
HUIBERT DIJKSTRA,DEPARTURE,Port,VLIELAND,2022-09-19 18:11 UTC,-,-,Not in Transit,244587000,0
ZEYTINBURNU,DEPARTURE,Port,ESKIHISAR,2022-09-19 18:11 UTC,-,-,Not in Transit,271002499,8619857
THOR INTEGRITY,ARRIVAL,Port,NEW ORLEANS,2022-09-19 18:11 UTC,CONVENT,CONVENT,Not in Transit,566274000,9222493
HUA YANG 13005,DEPARTURE,Port,SANSHAN,2022-09-19 18:11 UTC,-,-,Not in Transit,413834367,0
SAN FRANCISCO,DEPARTURE,Marina,ANGEL ISLAND,2022-09-19 18:11 UTC,-,-,Not in Transit,366963980,0
NESVIK,ARRIVAL,Port,HJELMELAND,2022-09-19 18:11 UTC,NESVIK,NESVIK,Not in Transit,258002060,9887528
YUERONGXIANG008,ARRIVAL,Port,GUANGZHOU,2022-09-19 18:11 UTC,NANSHA,NANSHA,Not in Transit,413860143,0
MIRITITUBA,ARRIVAL,Port,VILA DO CONDE,2022-09-19 18:11 UTC,VILA DO CONDE,VILA DO CONDE,Not in Transit,710001785,0
BLAIR MCKEIL,DEPARTURE,Port,SAULT STE MARIE,2022-09-19 18:11 UTC,-,-,Not in Transit,316040355,9546045
SLV 311,ARRIVAL,Port,VLADIVOSTOK,2022-09-19 18:11 UTC,SLAVYANKA,SLAVYANKA,Not in Transit,273319610,8227159
GUSTAF DALEN,DEPARTURE,Port,SISIMIUT,2022-09-19 18:11 UTC,-,-,Not in Transit,219028458,0
HULDA,ARRIVAL,Port,SKAGASTROND,2022-09-19 18:11 UTC,SKAGASTROND,SKAGASTROND,Not in Transit,251776000,0
SIGNET COLUMBIA,DEPARTURE,Port,INGLESIDE,2022-09-19 18:11 UTC,-,-,Not in Transit,367299170,0
HAKEFJORD,ARRIVAL,Port,RONNANG,2022-09-19 18:11 UTC,DYRON NORTH,DYRON NORTH,Not in Transit,265531630,0
ALICE ROSE,ARRIVAL,Port,TOBERMORY,2022-09-19 18:11 UTC,DUNSTAFFNAGE,DUNSTAFFNAGE,Not in Transit,235014948,0
DISCOVERY,ARRIVAL,Port,HONOLULU,2022-09-19 18:11 UTC,HONOLULU,HONOLULU,Not in Transit,367379890,0
MAI W,ARRIVAL,Port,AMSTERDAM,2022-09-19 18:11 UTC,NIEUWEGEIN,NIEUWEGEIN,Not in Transit,211770970,0
BOMAR RENAISSANCE,ARRIVAL,Port,JAKARTA,2022-09-19 18:11 UTC,SINGAPORE,JAKARTA ANCH,Not in Transit,636017608,9358436
ALSTEN,ARRIVAL,Port,TJOTTA,2022-09-19 18:11 UTC,STOKKASJOEN,STOKKASJOEN,Not in Transit,257204400,8411009
JESPER,DEPARTURE,Port,KRAGERO,2022-09-19 18:11 UTC,-,-,Not in Transit,257055700,8619493
YI YOU 6 HAO,ARRIVAL,Port,YANGZHOU,2022-09-19 18:11 UTC,TAIXING,TAIXING,Not in Transit,413979807,0
SEA RUNNER 2,ARRIVAL,Port,LA SPEZIA,2022-09-19 18:11 UTC,LA SPEZIA,LA SPEZIA,Not in Transit,247367050,0
HD79 CALETA,DEPARTURE,Port,DEN HELDER,2022-09-19 18:11 UTC,-,-,Not in Transit,244110439,0
QINGSHUN2628,DEPARTURE,Port,MCID,2022-09-19 18:11 UTC,-,-,Not in Transit,413998588,0
SVITZER PILOT 1,DEPARTURE,Port,SOHAR,2022-09-19 18:11 UTC,-,-,Not in Transit,461000168,9455090
SU YOU 868,ARRIVAL,Port,YANGZHOU,2022-09-19 18:11 UTC,ZHENJIANG,ZHENJIANG,Not in Transit,413971527,0
KALVOY,DEPARTURE,Port,ALESUND,2022-09-19 18:11 UTC,-,-,Not in Transit,257003970,9802607
GENAVA,ARRIVAL,Anchorage,GIBRALTAR WEST ANCH,2022-09-19 18:11 UTC,JORF LASFAR,JORF LASFAR,Not in Transit,269095000,9731248
GUIPINGFEIDA3366,ARRIVAL,Port,GUANGZHOU,2022-09-19 18:11 UTC,GUANGZHOU,GUANGZHOU,Not in Transit,413845622,0
NEVERIN,DEPARTURE,Port,VRSAR,2022-09-19 18:11 UTC,-,-,Not in Transit,238192340,0
NORTHERN COMFORT,DEPARTURE,Marina,PORT HADLOCK,2022-09-19 18:11 UTC,-,-,Not in Transit,368056570,0
TINDARI JET,ARRIVAL,Port,MESSINA,2022-09-19 18:11 UTC,VILLA SAN GIOVANNI,VILLA SAN GIOVANNI,Not in Transit,247042500,9152040
LIAO SUI YU 83868,DEPARTURE,Port,LUSHUN,2022-09-19 18:11 UTC,-,-,Not in Transit,412083868,0
PILOTINE P101,ARRIVAL,Port,POINTE A PITRE,2022-09-19 18:11 UTC,POINTE A PITRE ANCH,POINTE A PITRE ANCH,Not in Transit,329014050,0
BONGANI,ARRIVAL,Port,GIBRALTAR,2022-09-19 18:11 UTC,GIBRALTAR,GIBRALTAR,Not in Transit,235036248,0
ENHYDRA,DEPARTURE,Port,SAN FRANCISCO,2022-09-19 18:11 UTC,-,-,Not in Transit,368052630,0
DIVA,ARRIVAL,Port,ZWOLLE,2022-09-19 18:11 UTC,ZUTPHEN,ZUTPHEN,Not in Transit,244670923,0
YONGGANGZHONGLIAN9,DEPARTURE,Port,NINGBO,2022-09-19 18:11 UTC,-,-,Not in Transit,413406140,0
MING JUE888,ARRIVAL,Port,CHANGZHOU,2022-09-19 18:11 UTC,MAANSHAN,MAANSHAN,Not in Transit,413264650,0
STORNOWAY,ARRIVAL,Port,BRILTIL,2022-09-19 18:11 UTC,GRONINGEN,GRONINGEN,Not in Transit,244830301,0
SUQUAMISH,DEPARTURE,Port,MUKILTEO,2022-09-19 18:11 UTC,-,-,Not in Transit,368027230,9801782
CALCIT 12,ARRIVAL,Port,BISCHOFSHEIM,2022-09-19 18:11 UTC,FRANKFURT AM MAIN,FRANKFURT AM MAIN,Not in Transit,244670274,0
KARL HEIN,ARRIVAL,Port,MANNHEIM,2022-09-19 18:11 UTC,GERMERSHEIM,GERMERSHEIM,Not in Transit,211267460,9267493
ROSA D ABUNDO,ARRIVAL,Port,ISCHIA,2022-09-19 18:11 UTC,NAPOLI,NAPOLI,Not in Transit,247049300,7911143
POSTIRA,DEPARTURE,Port,DUBROVNIK,2022-09-19 18:11 UTC,-,-,Not in Transit,238114140,6283202
MARILENA,DEPARTURE,Port,ELAFONISOS,2022-09-19 18:11 UTC,-,-,Not in Transit,240101900,9859662
SVITZER CATUAN,DEPARTURE,Port,ST CROIX,2022-09-19 18:11 UTC,-,-,Not in Transit,327801007,9788253
EGELANTIERSGRACHT,ARRIVAL,Port,SLUISKIL,2022-09-19 18:11 UTC,TERNEUZEN,TERNEUZEN,Not in Transit,244660261,0
WANYONGSHUN1668,DEPARTURE,Port,NANTONG,2022-09-19 18:11 UTC,-,-,In Transit,413833264,0
GEISNES,ARRIVAL,Port,JOA,2022-09-19 18:11 UTC,OLHAMMEREN,OLHAMMEREN,Not in Transit,257253400,8805353
MSC LETIZIA,ARRIVAL,Port,LAS PALMAS,2022-09-19 18:11 UTC,DURBAN,LAS PALMAS ANCH,Not in Transit,255806490,9702065
VB TRON,DEPARTURE,Anchorage,ALGECIRAS ANCH,2022-09-19 18:11 UTC,-,-,Not in Transit,224248000,9456903
GUO YU 701,DEPARTURE,Port,QINHUANGDAO,2022-09-19 18:11 UTC,-,-,Not in Transit,414559000,0
MING HANG 99,DEPARTURE,Port,YIZHENG,2022-09-19 18:11 UTC,-,-,In Transit,413855481,0
PRINSENGRACHT,ARRIVAL,Port,MAARSSEN,2022-09-19 18:11 UTC,AMSTERDAM,AMSTERDAM,Not in Transit,244620991,0
WANLIZHOU998,ARRIVAL,Port,SHANGHAI,2022-09-19 18:11 UTC,SHANGHAI,SHANGHAI,Not in Transit,413850384,0
POWELL RIVER QUEEN,DEPARTURE,Marina,QUATHIASKI COVE PUBL,2022-09-19 18:11 UTC,-,-,Not in Transit,316001243,6515796
EL LIBERTADOR,DEPARTURE,Port,VILLA CONSTITUTION,2022-09-19 18:11 UTC,-,-,Not in Transit,701006915,0
LA LANCHITA,DEPARTURE,Port,MONTEVERDE,2022-09-19 18:11 UTC,-,-,In Transit,735060145,0
VERONIA,ARRIVAL,Port,NIJMEGEN,2022-09-19 18:11 UTC,BELFELD,BELFELD,Not in Transit,244128562,0
PILOT BOAT P06,DEPARTURE,Port,VILA DO CONDE,2022-09-19 18:11 UTC,-,-,Not in Transit,710001714,0
ISLAND EXPLORER 5,DEPARTURE,Port,ANACORTES,2022-09-19 18:11 UTC,-,-,Not in Transit,369264000,0
IYANOUGH,DEPARTURE,Port,HYANNIS,2022-09-19 18:11 UTC,-,-,Not in Transit,367145870,9375719
TEQUILA,ARRIVAL,Port,GIBRALTAR,2022-09-19 18:11 UTC,ALCAIDESA,GIBRALTAR WEST ANCH,Not in Transit,236112213,0
GLORIA A,ARRIVAL,Port,GALVESTON,2022-09-19 18:11 UTC,HOUSTON ANCH,HOUSTON ANCH,Not in Transit,367186630,0
STANGVIKFJORD,ARRIVAL,Port,RYKKJEM,2022-09-19 18:11 UTC,RYKKJEM,RYKKJEM,Not in Transit,257088710,9855173
CIUDAD DE CEUTA,ARRIVAL,Port,ALGECIRAS,2022-09-19 18:11 UTC,CEUTA,CEUTA,Not in Transit,224239000,9237644
SCHIE,ARRIVAL,Port,HENDRIK IDO AMBACHT,2022-09-19 18:11 UTC,PAPENDRECHT,PAPENDRECHT,Not in Transit,244070620,0
MILANO,ARRIVAL,Port,ROTTERDAM BOTLEK,2022-09-19 18:11 UTC,NIEUWEGEIN,NIEUWEGEIN,Not in Transit,205553390,0
CHARLY EXPRESS,ARRIVAL,Port,CARTAGENA,2022-09-19 18:11 UTC,CARTAGENA,CARTAGENA,Not in Transit,730151132,0
CORSARIO II,ARRIVAL,Port,LA LIBERTAD,2022-09-19 18:11 UTC,LA LIBERTAD ANCH,LA LIBERTAD ANCH,Not in Transit,735058322,0
G TIE 106,DEPARTURE,Port,TAICHUNG,2022-09-19 18:11 UTC,-,-,Not in Transit,416002923,0
COMPLETER,ARRIVAL,Port,LA TURBALLE,2022-09-19 18:11 UTC,ST NAZAIRE,ST NAZAIRE,Not in Transit,219030274,9813553
KITTY KAT,ARRIVAL,Port,LAMB,2022-09-19 18:11 UTC,REDLAND BAY,REDLAND BAY,Not in Transit,503701200,0
KLADI,ARRIVAL,Port,ROTTERDAM VONDELING,2022-09-19 18:11 UTC,ROTTERDAM CENTRUM,ROTTERDAM CENTRUM,Not in Transit,244660631,0
MIN QUAN YU 01679,ARRIVAL,Port,QUANZHOU,2022-09-19 18:11 UTC,-,-,Not in Transit,412450639,0
EMMA M,DEPARTURE,Port,SALINA,2022-09-19 18:11 UTC,-,-,Not in Transit,247350300,9750775
TZOUMAZ,DEPARTURE,Anchorage,ROTTERDAM ANCH,2022-09-19 18:11 UTC,-,-,Not in Transit,269308000,9694921
SOMNIUM VIDERE,DEPARTURE,Port,MAARSSEN,2022-09-19 18:11 UTC,-,-,In Transit,211808190,0
HAINIU25,DEPARTURE,Port,YIZHENG,2022-09-19 18:11 UTC,-,-,Not in Transit,413817438,0
ATLANTIC GREEN,DEPARTURE,Port,NEMRUT,2022-09-19 18:11 UTC,-,-,Not in Transit,249037000,9354404
LANCHA MANTA,ARRIVAL,Canal,PANAMA CANAL,2022-09-19 18:11 UTC,CRISTOBAL,CRISTOBAL,Not in Transit,356321000,0
BELLVISTA,DEPARTURE,Port,PUERTO ANFI,2022-09-19 18:11 UTC,-,-,Not in Transit,230167760,0
ARIS IV,ARRIVAL,Port,PALOUKIA,2022-09-19 18:11 UTC,PERAMA,PERAMA,Not in Transit,240243800,9904431
WATERMAN,ARRIVAL,Port,BREMERTON,2022-09-19 18:11 UTC,BREMERTON,BREMERTON,Not in Transit,368072240,0
PERULPA,DEPARTURE,Port,RUSSEL ISLAND,2022-09-19 18:11 UTC,-,-,In Transit,503701100,0
CRUZ DEL SUR III,ARRIVAL,Port,PARGUA,2022-09-19 18:11 UTC,CHACAO,CHACAO,Not in Transit,725002945,9852042
MONT BLANC HAWK,DEPARTURE,Port,RIO CULLEN,2022-09-19 18:11 UTC,-,-,In Transit,374018000,9790816
VENEZUELA,DEPARTURE,Port,SERAING,2022-09-19 18:11 UTC,-,-,In Transit,205407790,0
YUEANSHUN626,DEPARTURE,Anchorage,ZHUJIAN KOU ANCH,2022-09-19 18:11 UTC,-,-,Not in Transit,413848449,0
KENDHAGA NUSANTARA 7,DEPARTURE,Port,LARANTUKA,2022-09-19 18:11 UTC,-,-,Not in Transit,525101067,9828273
SOFIA M,DEPARTURE,Port,FAVIGNANA,2022-09-19 18:11 UTC,-,-,Not in Transit,247294200,9593634
PEREGRINE,ARRIVAL,Port,ZEEBRUGGE,2022-09-19 18:11 UTC,RINGASKIDDY,ANTWERP ANCH,Not in Transit,215740000,9376725
GEORGIOS K,DEPARTURE,Port,CHIOS,2022-09-19 18:11 UTC,-,-,Not in Transit,241666000,8789470
SCORPIO,ARRIVAL,Port,DEVENTER,2022-09-19 18:11 UTC,URK,URK,Not in Transit,244700425,0
RWS44,DEPARTURE,Port,LOBITH,2022-09-19 18:11 UTC,-,-,Not in Transit,244050878,0
STELLA,DEPARTURE,Marina,GALTBY FISHING,2022-09-19 18:11 UTC,-,-,Not in Transit,230634000,9624691
GAN JI AN HUO3189,ARRIVAL,Port,NANJING,2022-09-19 18:11 UTC,NANTONG,NANTONG ANCH,Not in Transit,413814742,0
KARL WEISENBURGER,DEPARTURE,Port,MANNHEIM,2022-09-19 18:11 UTC,-,-,In Transit,211519820,0
MISS MONIE,ARRIVAL,Port,HOUSTON,2022-09-19 18:11 UTC,HOUSTON,HOUSTON,Not in Transit,366962010,0
JINGSHAJI6218,DEPARTURE,Port,NANTONG,2022-09-19 18:11 UTC,-,-,Not in Transit,413974109,0
TOKI,DEPARTURE,Anchorage,VANINO ANCH,2022-09-19 18:11 UTC,-,-,Not in Transit,273215320,9848651
ST THOMAS PILOT BOAT,ARRIVAL,Port,ST THOMAS,2022-09-19 18:11 UTC,ST THOMAS,ST THOMAS,Not in Transit,338374192,0
LA FURKA,DEPARTURE,Port,SPEYER,2022-09-19 18:11 UTC,-,-,In Transit,226014520,0
HAV NORDIC,ARRIVAL,Port,FUGLAFJORDUR,2022-09-19 18:11 UTC,SOLDARFJORDUR,RUNAVIK ANCH,Not in Transit,231812000,8719085
FESTOS PALACE,DEPARTURE,Port,PIRAEUS,2022-09-19 18:11 UTC,-,-,Not in Transit,241617000,9220342
CLIFFORD H GALLEY,ARRIVAL,Marina,LAWRENCE LAKE,2022-09-19 18:11 UTC,DUBUQUE,DUBUQUE,Not in Transit,368020390,0
CULLEN PASENTINE,ARRIVAL,Port,BOLIVAR,2022-09-19 18:11 UTC,MATAGORDA,MATAGORDA,Not in Transit,367765140,0
FD ATHINA,ARRIVAL,Port,AGISTRI,2022-09-19 18:11 UTC,AEGINA,AEGINA,Not in Transit,237247600,8859184
GEORGES NAHOUDA,ARRIVAL,Port,MAMOUDZOU,2022-09-19 18:11 UTC,DZAOUDZI,DZAOUDZI,Not in Transit,660005240,9725342
GIUSEPPE FRANZA,DEPARTURE,Port,MESSINA,2022-09-19 18:11 UTC,-,-,Not in Transit,247054900,9048483
AHMET HULUSI YILDIRIM,ARRIVAL,Canal,ISTANBUL,2022-09-19 18:11 UTC,HAYDARPASA,HAYDARPASA,Not in Transit,271002505,7230381
NEIL N. DIEHL,DEPARTURE,Marina,RED WING,2022-09-19 18:11 UTC,-,-,In Transit,366963030,0
HUANGHUAYIN1,DEPARTURE,Port,HUANGHUA,2022-09-19 18:11 UTC,-,-,Not in Transit,413224740,0
BRAHEBORG,ARRIVAL,Marina,GRAENNA,2022-09-19 18:11 UTC,VISINGSOE FAERJEHAMN,VISINGSOE FAERJEHAMN,Not in Transit,265706360,0
HERA II,DEPARTURE,Port,VALLETTA,2022-09-19 18:11 UTC,-,-,Not in Transit,215568000,0
GILDENBURG,ARRIVAL,Port,SCHOKKERHAVEN,2022-09-19 18:11 UTC,LELYSTAD,LELYSTAD,Not in Transit,244690053,0
DAVID,ARRIVAL,Port,OUISTREHAM,2022-09-19 18:11 UTC,OUISTREHAM,OUISTREHAM,Not in Transit,227626730,0
MARIA DOLORES,DEPARTURE,Port,TARIFA,2022-09-19 18:11 UTC,-,-,Not in Transit,215883000,9333448
RIVER SHINER,ARRIVAL,Marina,PRINCES BAY,2022-09-19 18:11 UTC,NEW YORK,NEW YORK,Not in Transit,538005422,9289752
AMANDINE,DEPARTURE,Port,ROZENBURG,2022-09-19 18:11 UTC,-,-,Not in Transit,249679000,9424871
LOCHINVAR,ARRIVAL,Port,LOCHALINE,2022-09-19 18:11 UTC,FISHNISH,FISHNISH,Not in Transit,235099237,9652844
TB PBM 989 2019,DEPARTURE,Port,BANJARMASIN,2022-09-19 18:11 UTC,-,-,Not in Transit,525500524,0
XCARET,DEPARTURE,Port,ISLA MUJERES,2022-09-19 18:11 UTC,-,-,Not in Transit,345090028,9890068
PILBARA APOLLO,ARRIVAL,Port,PORT WALCOTT,2022-09-19 18:11 UTC,PORT WALCOTT ANCH,PORT WALCOTT ANCH,Not in Transit,503725000,9635884
HERCULES 1,DEPARTURE,Anchorage,CHIMBOTE ANCH,2022-09-19 18:11 UTC,-,-,Not in Transit,760010001,0
SARTIKA BARUNA,ARRIVAL,Port,TARAHAN,2022-09-19 18:11 UTC,SURALAYA,SURALAYA,Not in Transit,525012201,9219898
LIGHT HAWK,ARRIVAL,Marina,FOURTH STREET PUBLIC,2022-09-19 18:11 UTC,FOURTH STREET PUBLIC,FOURTH STREET PUBLIC,Not in Transit,316003641,0
PATAGON V,DEPARTURE,Port,PUNTA ARENAS,2022-09-19 18:11 UTC,-,-,Not in Transit,725002730,9300001
SANDY B,ARRIVAL,Port,DARROW,2022-09-19 18:11 UTC,DARROW,DARROW,Not in Transit,367743760,0
ADDIS,DEPARTURE,Port,RESERVE,2022-09-19 18:11 UTC,-,-,Not in Transit,366991860,0
WINNING DRIVE,ARRIVAL,Marina,ANNAPOLIS,2022-09-19 18:10 UTC,BALTIMORE,BALTIMORE,Not in Transit,367541760,9620188
